,CURRENT (A) mean,CURRENT (A) std,CURRENT (A) max,CURRENT (A) rms,CURRENT (A) peak_to_peak,CURRENT (A) skew,CURRENT (A) kurtosis,CURRENT (A) crest_factor,ROTO (RPM) mean,ROTO (RPM) std,ROTO (RPM) max,ROTO (RPM) rms,ROTO (RPM) peak_to_peak,ROTO (RPM) skew,ROTO (RPM) kurtosis,ROTO (RPM) crest_factor,CURRENT (A) Frequency Center,CURRENT (A) Spectrum Area,CURRENT (A) Amp @ 1x RPM,CURRENT (A) Amp @ 2x RPM,CURRENT (A) Amp @ 3x RPM,ROTO (RPM) Frequency Center,ROTO (RPM) Spectrum Area,ROTO (RPM) Amp @ 1x RPM,ROTO (RPM) Amp @ 2x RPM,ROTO (RPM) Amp @ 3x RPM,Class
0,4.2822667254,0.9590326973409209,7.273976000000002,4.38834012223804,5.975432000000002,0.058508490454615564,-0.37924115986147333,1.698627494839325,22969.800642,518.4221269078982,25191.88,22975.65007384674,4760.810000000001,-0.10860398595701426,0.7088627767609847,1.0967391660307646,2864.7971274382385,1292778.5550451938,64.51434424157952,192.4128223313315,979.1206704084082,9348.489312325573,1890388141.4248002,77752.66663981721,166198.4510041962,166198.4510041962,Elec_Damage
1,4.2401929182,0.9630686926621037,7.298392,4.348185150474464,6.110935999999999,0.058439022120192384,-0.36573158272560446,1.7212405522101184,22970.5276085,521.2691009765471,25330.74,22976.441266990343,4753.190000000002,-0.099887574590444,0.5272341026293614,1.1027495942507926,2820.7105728769243,1305889.1650678634,57.439400780270745,361.4767344566295,274.89791256531674,9393.27990763059,1894902003.9863062,29582.295618885408,177100.6825675849,177100.6825675849,Elec_Damage
2,4.2397384832,0.9667524194903427,7.439992000000001,4.348559448974045,6.341648,0.047410975150660124,-0.363346280310445,1.7548233291937776,22972.9861705,522.8264956394931,25063.710000000003,22978.93457714779,4551.77,-0.11434803087413334,0.7029695261165623,1.0910079261783014,2800.0857038796707,1315127.937975912,843.0105924933258,275.59575522594656,105.2481329067206,9123.76406762613,1849157983.696916,83713.25370213187,23324.72190931584,23324.72190931584,Elec_Damage
3,4.2420710904,0.9698131779612802,7.300832,4.351514819314626,6.226904000000001,0.03459452335937227,-0.3817386465819359,1.7210536656309499,22974.7583305,525.7272968605834,25367.36,22980.772454941845,4792.860000000004,-0.12013867154947727,0.6356612496423248,1.1041404499268972,2699.8885917089647,1304290.4691465609,632.3629193215039,216.7809242180554,105.92682208108612,9330.988496857817,1882491608.6201487,129477.29317131848,89113.83956205558,89113.83956205558,Elec_Damage
4,4.2458922204,0.961608881675869,7.288623999999999,4.35342041058294,6.010831999999997,0.04719714940827958,-0.3976273129205645,1.716629537834417,22975.54448125,522.7419434363879,24964.52,22981.490302368264,4502.93,-0.12974660734780152,0.6410626561818682,1.086569244109674,2796.3356954785286,1319682.024126493,105.24407618495333,303.62546454727607,77.78027856885846,9295.572444526206,1878352031.9265296,94966.45228770332,14365.635080484379,14365.635080484379,Elec_Damage
5,4.1634279774000005,0.9550394553301091,7.138472,4.2715582732447,6.018152000000001,0.06203560136597082,-0.39940861057943833,1.7145659871502983,22976.43470975,516.7662878887901,25033.19,22982.245162114123,4493.779999999999,-0.12116689812310003,0.6618023134437556,1.0895158590195553,2833.425305608604,1313076.2190073612,1126.81099697273,176.2834468456252,47.11045286373786,9405.031522291662,1899635305.1002827,30683.076203194913,86156.2015493842,86156.2015493842,Elec_Damage
6,4.1109911764,0.9577829442779768,7.061568000000001,4.221086789807127,6.103608000000001,0.035683829655649466,-0.3949223134342321,1.7177288145346552,22975.62031225,527.3797020226746,25057.6,22981.672069924472,4777.5999999999985,-0.11340780211141625,0.6480834696412621,1.0906169086821103,2804.508575918801,1265120.2272395876,531.0365156500782,538.4291543905659,834.9982724077498,9172.568169758755,1854494650.51535,131405.6100723547,23904.299655180897,23904.299655180897,Elec_Damage
7,4.1550684232,0.9588172560953058,7.383839999999999,4.264258569645678,6.298919999999999,0.04729687763927667,-0.3750216321379094,1.7770682087380358,22973.82344325,523.7738653303954,24987.41,22979.793206318238,4475.4699999999975,-0.10925009924300005,0.5997201638401513,1.0876469936196718,2698.043127461226,1236389.6478493419,506.2240120301307,419.3500658283757,417.2278727998573,9349.305016775188,1884756487.9847662,49526.048974219055,76965.90179615346,76965.90179615346,Elec_Damage
8,4.089303979,0.9554068654122199,7.300832,4.199426924127275,6.162199999999999,0.04273375619242603,-0.364274266787294,1.7853483227200315,22973.8380435,528.3078123686729,25056.08,22979.911588512456,4817.279999999999,-0.13269171277712719,0.6083266230468989,1.0906353545523115,2789.365961480549,1305771.3240579735,479.7605280245435,656.4150821960246,326.7680082296673,9383.185727328879,1896517522.6290846,72001.69221133529,33740.172125097226,33740.172125097226,Elec_Damage
9,4.1169026330000005,0.9491814896261176,7.078664000000001,4.2249035807002375,5.903416000000001,0.05293970502190274,-0.3790571512165042,1.7194149658190374,22971.85399725,523.251826420141,25011.83,22977.81237846656,4727.25,-0.10965962393375676,0.6325106705134518,1.0888032808755534,2809.962210987068,1299456.7508217571,558.059717073506,1078.6345383585406,204.0830478767336,9363.230855352345,1889623166.9813347,110080.75357181375,333876.9166173708,333876.9166173708,Elec_Damage
10,4.0978765178000005,0.9444527894636753,7.027391999999999,4.2053015024948674,5.786224000000001,0.030543810938265716,-0.3954909943803946,1.7148862269214369,22980.199416249998,528.9100345463627,25053.03,22986.285129215965,4505.989999999998,-0.11338656263752586,0.5103707560623363,1.0902007222045358,2781.2719776675017,1275483.4838922054,555.2142574508737,302.3573364948039,491.92960957304086,9461.254414035451,1910275834.490329,158235.99036164908,93255.30691399678,93255.30691399678,Elec_Damage
11,4.0265771004,0.9555510285692526,7.028607999999998,4.138402842489024,6.284271999999998,0.024610621444968474,-0.37336567770715057,1.745554058632524,22986.9233675,524.6537938321467,25292.59,22992.90979030623,4817.27,-0.12279685209681941,0.5974668466759319,1.1003034027494023,2792.15719647185,1270848.5910434336,647.7280528414626,102.27028113422985,327.7996803197916,9444.673840386846,1902154488.4266803,159860.70684146183,54495.59943066951,54495.59943066951,Elec_Damage
12,4.023473334,0.9596755373921632,7.056688000000001,4.136337967580695,5.977872000000001,0.04441619525317082,-0.38689254914017157,1.7538796492990503,22983.703965,524.5499056127696,25432.969999999998,22989.68885555914,5186.539999999997,-0.1220115994630518,0.6691608729555689,1.1065653316249542,2808.19488573504,1287413.6126194142,525.3043440128109,455.31994712029467,487.1714419738928,9459.36961643741,1906927974.4077682,59077.52188531667,93427.10876475039,93427.10876475039,Elec_Damage
13,4.0358837504,0.9531693894287361,7.103072,4.146910514876055,5.981536000000001,0.01933933633469082,-0.3904607698686049,1.7599793352065727,22986.4150505,526.4358231862201,25042.34,22992.442337025,4795.91,-0.11738582197121682,0.5876665439289601,1.0894408695302524,2857.592650761756,1267153.750056876,750.2995189558125,68.2212920032567,358.81038856551027,9387.801991540035,1892843462.1984532,131018.65006713422,143031.7688886811,143031.7688886811,Elec_Damage
14,3.9862398178000005,0.9549204545951857,6.9565920000000006,4.099019170825088,5.970552000000001,0.039352052792599485,-0.38283675819936835,1.7451514003087085,22985.242499,522.2734789966515,25216.3,22991.175165820892,4788.279999999999,-0.11288135835192728,0.6336112591642054,1.0970647797645408,2700.6774236182596,1249331.8030127187,751.7965052544721,118.41731117642347,698.4040667252913,9415.853714787378,1899582268.9947734,37217.66629300708,114621.51835922667,114621.51835922667,Elec_Damage
15,4.0188142002000005,0.9552933752501478,7.070112000000002,4.130790504720636,5.875328000000003,0.035017302706327184,-0.3965040069344421,1.7592532642211103,22990.12021775,528.0087609276708,25022.51,22996.182594256432,4625.009999999998,-0.13115272997972963,0.6138484386984149,1.0884027470496154,2722.787229110122,1197006.5380485572,270.9769138919914,153.42198938066582,133.69724836520146,9377.911845198872,1889662335.276743,38591.48066374942,186786.80307895498,186786.80307895498,Elec_Damage
16,4.040380341600001,0.9595321276045592,7.100632000000002,4.1527523633303085,6.2403280000000025,0.022378737878364086,-0.3632447177342262,1.7574167280469775,22983.979905750002,528.9795306795853,25249.87,22990.06621687537,4859.999999999996,-0.12985390623656423,0.6352440949599729,1.0985856280566593,2751.8667507432533,1292624.4554930937,1077.513712647118,641.0159795444744,392.9549887124462,9478.755626767226,1912550743.5388563,139405.56918824758,129651.1471155447,129651.1471155447,Elec_Damage
17,3.9487543422000004,0.959692509425375,7.0127440000000005,4.0636987514391025,6.002287999999999,0.03222386181252878,-0.3743777432238309,1.7759382813601252,22985.848124250002,526.3753644733944,25109.48,22991.87417520886,4577.700000000001,-0.1166641659213672,0.5883749096932371,1.0923886673343834,2806.8060478654265,1295045.2289449957,792.7290035011079,992.6235749103461,172.4238551951437,9517.70465239163,1917106453.8216293,185061.43747130688,93504.41461456293,93504.41461456293,Elec_Damage
18,3.9345064332,0.9604241684266888,7.123823999999999,4.050028690741053,6.2305600000000005,0.046548168488045875,-0.36732539794821584,1.8106016906944218,22989.531568000002,527.0990689696367,24967.57,22995.573230488113,4428.16,-0.12060450690999197,0.5840513590966419,1.0860408323740403,2737.9701440795575,1256426.8056137182,385.5741270176931,343.7921672626697,386.0074559242445,9462.695469613383,1905932735.154184,194355.64991719715,208092.5589091626,208092.5589091626,Elec_Damage
19,3.9717179062000003,0.9544058664530813,6.882128000000002,4.0847779513806906,6.032808000000003,0.012350824863387316,-0.3877728780935463,1.732783687697644,22990.03699125,528.7968588504939,25405.51,22996.117498097818,4832.529999999999,-0.11356830381561994,0.5277296247624648,1.1050660775217251,2808.2876767980993,1258292.7395953329,625.1419378348156,629.5014884567454,593.4697776545868,9435.022953245854,1901233201.4351385,43264.708283842076,68042.44747518384,68042.44747518384,Elec_Damage
20,3.9164388789999998,0.9560412875735959,6.934615999999998,4.031437161374907,5.974215999999998,0.025076013065699232,-0.38481006248496685,1.7706432333678197,22989.44396175,531.5367653317576,25231.56,22995.58779288017,4832.540000000001,-0.12406102060775787,0.5613664296320322,1.0975280673156103,2753.667945206311,1261244.3306235303,805.6951473529723,197.2083521239363,441.62353683021684,9497.73426222151,1911559712.4401376,145552.73934310023,87295.48262650006,87295.48262650006,Elec_Damage
21,3.9238536186,0.9578476293656486,7.158007999999998,4.039068749659961,6.059663999999997,0.022547179377428783,-0.3806970807999046,1.8242291114197882,22996.8005595,529.4501543411599,25292.59,23002.894305530655,5008.009999999998,-0.12175006390753015,0.6171370332723822,1.0998308192724493,2742.278014625715,1260691.2120041007,328.48195064104704,281.80670143147313,122.62212728041946,9434.335445149349,1901792863.434842,60892.69224647009,131486.83327911067,131486.83327911067,Elec_Damage
22,3.992018722,0.9501228043404358,7.065232000000002,4.103525831744291,6.068208000000002,0.007550799484289405,-0.37456861707710054,1.7698393950568259,22992.214555000002,524.4600032297296,25263.6,22998.1951805285,4696.729999999996,-0.1201582823944071,0.6486639214657055,1.0987893288646287,2706.2698798735714,1232454.2686118428,515.007884056888,430.57060834744635,314.2971987496363,9483.952739580032,1912317764.5191271,42662.44679728838,149677.85528401157,149677.85528401157,Elec_Damage
23,4.5296280086,0.9636925562950883,7.6414159999999995,4.631005292781318,6.0633279999999985,0.09243281866903769,-0.40030165923862393,1.6869853298089659,22903.999884,516.9261946516248,25082.019999999997,22909.83231489641,4617.379999999997,-0.12423854684839603,0.7458774728531212,1.0950934390076335,2787.5229560449293,1334345.8972806288,99.03409945186357,694.0441728694802,271.5116663269296,9473.470851199847,1906864651.03966,66086.8859191225,116279.22743855581,116279.22743855581,Elec_Damage
24,4.5619726652,0.9558904113413209,7.606015999999999,4.661040466823294,5.893647999999998,0.08159829826786465,-0.4032969195701468,1.6672647028380532,22900.841613999997,521.5562473997988,24985.89,22906.779798745018,4519.729999999996,-0.1231249675679318,0.6462155824769851,1.0910468017352404,2733.1296860835955,1317336.857773211,95.82285457945203,446.6270761906831,302.01517079397735,9478.29939838796,1911001819.0151436,13146.6678632101,175660.70589441218,175660.70589441218,Elec_Damage
25,4.2974349594,0.9679779107765518,7.385064,4.405099890069885,5.898527999999999,0.09076394793774274,-0.3831203567074435,1.71848185482046,22926.5512475,522.7290692785659,25272.75,22932.50947787814,4785.220000000001,-0.11651630436498285,0.6499015221150466,1.1023354418713907,2744.9173002429557,1348227.9536677082,104.75084132274708,309.5916567729634,554.3440929591678,9563.133439914298,1931495218.028576,177113.68875008362,114219.92647251993,114219.92647251993,Elec_Damage
26,4.276109217,0.9610934382750246,7.294727999999999,4.382783081592419,6.164648,0.0776039661506533,-0.3318051870837926,1.7059264929434568,22942.26030225,520.835668863345,25341.420000000002,22948.171404022843,4841.690000000002,-0.12497479188840104,0.6313796087527566,1.1045738155762583,2796.1408724125363,1285376.4547214594,424.3729965691103,291.2284400500695,316.4614590339392,9477.564912291347,1906877901.545519,124345.95491640473,124234.9597137345,124234.9597137345,Elec_Damage
27,4.2939524716,0.9638798784147722,7.306936,4.400803224612765,6.119479999999999,0.07966140786754433,-0.3869720688484497,1.7016806889055553,22935.51110575,523.4523472818172,25318.53,22941.48350024029,4788.279999999999,-0.11816295165112813,0.6388223317179955,1.1039008410696622,2781.554175919999,1320411.549797324,671.3855175908684,291.2689228808287,334.07783273260355,9463.227226522651,1908136654.099942,230949.45830799566,94508.72430881088,94508.72430881088,Elec_Damage
28,4.204132179799999,0.9607824027964645,7.230032000000001,4.31251749366685,5.8228480000000005,0.061420411949525404,-0.3724093478138406,1.719744216116428,22940.25335275,527.6290861371107,24958.420000000002,22946.320170804822,4452.580000000002,-0.11270955105428516,0.5711351270560172,1.087974906650631,2789.900466089111,1329986.530769044,64.08990687665049,246.2680354148001,143.13056831328063,9477.70454038225,1910180365.8200016,88875.61482469147,108850.11568221271,108850.11568221271,Elec_Damage
29,4.2482239956,0.9500182104354173,7.231248000000001,4.353150485979728,5.848472000000001,0.0680556420532244,-0.3743722490205377,1.7021814309908325,22946.76482525,520.6192224044865,25254.44,22952.669856553908,4834.049999999999,-0.1224388551601693,0.657359887626892,1.100566471671453,2861.0222305715324,1275940.0233663411,259.4207932648674,470.0415819280165,552.487351517433,9436.53072832288,1901724693.087638,84948.63368837023,128303.53381601966,128303.53381601966,Elec_Damage
30,4.2129828018,0.9546595213881669,7.18364,4.319788895961192,5.987639999999998,0.05720325692758695,-0.3766614409538973,1.7051197068572852,22943.72044675,525.7099283521995,25024.030000000002,22949.742307008786,4489.200000000004,-0.12630994437253734,0.5320718662855612,1.0906701054904406,2810.106621328614,1296849.3921725792,202.44006943543604,399.45800793784633,422.3463261628088,9540.335718289882,1923056066.7922359,314182.02560809324,72455.44728825918,72455.44728825918,Elec_Damage
31,4.148324355,0.9567222887782804,7.021287999999998,4.25721618069753,6.121919999999999,0.03823594424822083,-0.39680768577507486,1.6925600312659248,22948.065023249997,520.8987592914804,25239.19,22953.976061792728,4768.450000000001,-0.12443889783634318,0.7079261152868992,1.099839571416097,2797.9932279339164,1212188.7364381272,550.3898027732417,125.80493111291591,307.27891233158533,9465.052578545909,1907186410.010256,177196.98836674582,63726.62959918106,63726.62959918106,Elec_Damage
32,4.1709752926,0.9712473637616114,7.140920000000001,4.282561470668868,5.9852000000000025,0.03982871194943339,-0.39387160998462933,1.712050419639065,22948.91114275,526.4950409460562,25027.08,22954.949634796634,4518.189999999999,-0.11746474499601904,0.5740436376477152,1.0905563163464744,2799.224686795794,1195490.16020267,204.45358280078887,149.56720957316364,816.8401695149503,9469.685198044615,1900047532.9090762,65499.488002195154,124679.64358894684,124679.64358894684,Elec_Damage
33,4.0924286154,0.9558170470047687,7.1934080000000025,4.202562951323156,6.273288000000002,0.03473046346051356,-0.3812680287614616,1.7577357300579104,22945.102425999998,524.1015934151237,24966.050000000003,22951.087140978514,4435.800000000003,-0.11386149585318382,0.49082803627119587,1.0880775137316443,2810.463184659848,1156276.240080566,565.8056170091935,736.2422316539537,201.68611806147348,9433.63477886557,1897935392.884039,167783.5264282559,192070.57717419727,192070.57717419727,Elec_Damage
34,4.0753721522,0.9619315683836283,6.9663520000000005,4.187355655825248,5.881432,0.05433607617547691,-0.3952716005199215,1.7093781229867238,22947.72090275,526.5089624426608,24895.86,22953.76002723191,4411.390000000003,-0.1160313425807431,0.530624085786815,1.0848946658147889,2743.4549095285174,1238904.7290828947,184.69239955744996,585.6511192929032,460.4099932061413,9488.193760409324,1911741980.8115082,146970.6327324775,112503.1572302093,112503.1572302093,Elec_Damage
35,4.1250211832,0.9561200554805288,7.186080000000001,4.234376278532863,6.368504000000002,0.054366731866724534,-0.3638754501200867,1.742071053905564,22949.032378,528.748673094089,24984.36,22955.12263649254,4473.950000000001,-0.13950731717767184,0.667534160819105,1.0886890387566477,2820.040471173428,1312965.8881960325,513.4554943496571,499.423116021724,39.183912827885486,9496.23420840163,1915558991.0189576,165514.6479749889,6802.709633219258,6802.709633219258,Elec_Damage
36,4.0987396688,0.9612823995331075,7.1934080000000025,4.209953399106762,6.308688000000001,0.04890015568046198,-0.38947376012887114,1.7550292483216035,22948.77927475,525.9587167472606,25327.69,22954.805506845474,4856.950000000001,-0.1168309939151968,0.6191888895595312,1.103661754586984,2813.4610885262905,1311456.991671966,508.27590053452093,256.5692848863229,222.98434679247558,9539.580077817247,1924102439.8281267,103695.03208183205,121043.25868949178,121043.25868949178,Elec_Damage
37,4.0507988948,0.9571725952128993,7.1128399999999985,4.162346472682815,5.987639999999999,0.040941567837528496,-0.37687903725954763,1.755910422788634,22944.75221825,525.8500697231322,25312.43,22950.77701821354,4930.189999999999,-0.12862170950888618,0.699173721963485,1.1031903835451653,2824.21679018504,1308663.4358510969,273.4003387708301,279.69650926149427,191.69993512617108,9486.245132987135,1912762913.2126799,170447.7064663535,43572.79929048636,43572.79929048636,Elec_Damage
38,4.0180959302,0.9616383856035788,7.116503999999999,4.1315638891643,6.024263999999999,0.049867475664070356,-0.38176584689144866,1.7711135133714384,22962.19326425,528.706460267572,25172.050000000003,22968.279061297428,4740.980000000003,-0.1231909083276675,0.5914247597285818,1.0962389224025277,2761.3388069905077,1182378.7319374774,711.6668556177565,211.09011821535307,72.18373707179713,9312.00528657397,1876617754.9543567,178787.66443220855,178920.6858146482,178920.6858146482,Elec_Damage
39,3.9994609170000004,0.9519265822611179,6.978560000000002,4.111183429442229,6.031584000000002,0.03459914811189714,-0.38193124091038744,1.7448751581337187,22964.133150499998,530.0938206068985,24976.73,22970.25040759356,4541.079999999998,-0.12075327722240392,0.5788883943762424,1.0876408805117985,2854.21938184383,1266384.5052356652,1180.0907495937847,400.6595564323657,229.2600987810653,9304.250310405017,1878863241.299737,112887.67452367127,150002.6759410543,150002.6759410543,Elec_Damage
40,3.987738115,0.9646927508699663,7.082319999999998,4.102762985062899,6.164639999999998,0.05476215692384359,-0.35832225270356455,1.7760243515890959,22964.58889975,534.4758574148176,24950.79,22970.80757472556,4495.309999999998,-0.12772912177173304,0.5869687874333476,1.0864897302939145,2793.7217930256315,1295716.317189167,391.0501047340253,510.6993615245416,551.5941913461954,9317.009252750477,1879035071.0098023,151215.61044997338,203831.3470583565,203831.3470583565,Elec_Damage
41,4.0062793356,0.9706782373969014,6.973680000000002,4.122191989707117,6.112152000000002,0.015372188536786307,-0.36031716429383787,1.7406874098946445,22965.16869425,533.4815392541313,25213.239999999998,22971.36409952664,4748.5999999999985,-0.12340465031671802,0.5120276683133906,1.0978904764724358,2797.255722011697,1292028.3453907727,602.9101530422738,607.0481032669592,207.80886962941753,9409.682045171554,1899382181.0962114,93287.4318960373,105662.64654748255,105662.64654748255,Elec_Damage
42,4.0119065658,0.957118062127882,7.148240000000001,4.1244934689833075,6.090176,0.05827381939837979,-0.37376879815693353,1.7817563501942113,22969.00760425,528.8911932481612,25300.22,22975.095848009918,4754.710000000003,-0.11355585667801986,0.5470543440641973,1.1014938231514475,2845.13585532167,1281429.360443121,660.4542675674935,368.36394543026785,636.0567815009146,9390.53624623174,1897447372.7308092,39435.441462213035,83470.85476050948,83470.85476050948,Elec_Damage
43,4.005006967,0.9620406235602309,6.957808,4.1189294518169,5.849696000000002,0.051283896274387175,-0.39946875713088303,1.7372773773754087,22965.422359,525.6461132074429,25294.120000000003,22971.43706989163,4762.340000000004,-0.10771204621487189,0.631572145827477,1.1014001660669395,2843.773027682658,1267552.4553650338,73.58101716588796,240.01055189064866,366.7421363340753,9259.172188030809,1867392454.7905536,74159.19658468015,120842.09015100458,120842.09015100458,Elec_Damage
44,3.9291526103999996,0.967455023872881,7.065232000000002,4.046502942022831,6.087736000000003,0.02377552492254666,-0.3894107227862973,1.7981566766582624,22973.00773625,535.4546212348969,25037.77,22979.24691832639,4567.0300000000025,-0.14015191222030568,0.5596044051400075,1.0898777507697406,2830.6045783893696,1299328.8196432837,545.1616187805286,446.8838216741027,305.93452393373553,9430.163324083605,1904834088.0625272,79378.56097005271,77929.85095837948,77929.85095837948,Elec_Damage
45,3.9700121862,0.9424243471920148,6.880904000000001,4.080335550498948,6.074312000000003,0.035195540736053736,-0.3706331103675691,1.7332198686740647,22980.22169325,530.0411089871983,25309.379999999997,22986.33345326185,4856.949999999997,-0.10755585621556121,0.5372871808531454,1.1013549102284834,2798.3458256501826,1268424.1734368075,733.4556129648347,192.1922412304077,160.33046118850442,9509.183632771323,1922389719.7406697,93043.37424978366,212298.57587728093,212298.57587728093,Elec_Damage
46,3.1121387158,1.0180446424242313,6.452432000000002,3.2744154241601047,6.7444880000000005,-0.024105453373715263,-0.31429301050399205,2.0733111821917465,21629.2795575,500.972598042649,23598.84,21635.080342955476,4333.560000000001,-0.1109112395467416,0.6889349548693211,1.0910599189059467,3836.0884650036987,1477523.6162404043,1051.514693801019,3276.8842130723087,981.853391751283,9552.587559575115,1827775053.2388208,52211.759849711605,85706.20300093257,85706.20300093257,Healthy
47,3.1558587328,0.9967383113645308,6.392616,3.3095176031485773,6.545511999999999,-0.018320194925147165,-0.30099158400736226,2.0256343966094525,21630.19275,506.301046739757,23670.559999999998,21636.117321357906,4420.539999999997,-0.10936790734958522,0.6016554702019139,1.0943295916768934,3862.7713099760676,1441425.89100295,471.09628623411135,773.151972796267,52.504691129849185,9553.32917276075,1828165381.1504211,193512.2983780263,48646.58911369378,48646.58911369378,Healthy
48,3.0639297076,0.9981503504136245,6.332799999999999,3.222412833195278,6.549175999999999,0.002502494770831055,-0.3371854848437197,2.0668881483448036,21623.94411725,508.73934761016255,23841.46,21629.92761059002,4710.459999999999,-0.10876714119652578,0.6295188501810522,1.1025490942228724,3839.2943407052644,1475803.781838978,2243.49056995929,123.84276279156428,129.0017693440169,9648.894403572713,1847990161.0828824,97289.64806204957,165250.16118328297,165250.16118328297,Healthy
49,3.0749817632,0.9575342055559244,6.116727999999998,3.2206151084891115,6.175623999999999,-0.04138716634981642,-0.30699776642946963,1.9891916346308944,21630.8647245,496.79605900659953,23821.620000000003,21636.568787210806,4452.580000000002,-0.09071604147434977,0.6631019368333138,1.1012791353190177,3712.0191076552305,1343106.6259609992,727.9069758898684,370.4681439783572,411.7250350675477,9529.426137357574,1814354582.643617,103127.7365530621,80230.43748949419,80230.43748949419,Healthy
50,3.08599888,0.9958085738413653,6.216832,3.242683921110618,6.3587440000000015,-0.031256040815730086,-0.3192892973546275,2.014528274877404,21642.71799375,511.40569635099575,23719.39,21648.759119285696,4415.959999999999,-0.1219749003097447,0.6062650274358186,1.0959524587831206,3724.9617895878196,1416080.0111850323,236.0928150826542,998.2354477286136,641.2846271310332,9642.53843365799,1841703239.6407123,199772.93821484025,75047.7120218713,75047.7120218713,Healthy
51,3.1215759054,0.9878534514476298,6.3511120000000005,3.274151214948659,6.284279999999999,0.016095180584246582,-0.3567626359374043,2.0345851558545287,21637.556692,509.7110574580375,23829.25,21643.559283687027,4747.079999999998,-0.10729991612465181,0.5562319215969618,1.101291164210344,3785.0507318426767,1433690.8887926152,920.758455038958,1323.5646931968608,953.410470524788,9638.39689658965,1844595730.631707,93026.11543971255,102537.62671837304,102537.62671837304,Healthy
52,3.0948593204,0.9969689733294778,6.122831999999999,3.251472973618271,6.413671999999998,-0.0068659254081954784,-0.3377073357494704,1.9783878251398659,21657.670885749998,508.6218158910221,23850.609999999997,21663.642304092347,4585.329999999998,-0.10930025764186085,0.5673107794238632,1.1012546143959034,3823.3516046268996,1432972.5766567762,1906.2080442054014,647.6986308831823,510.79011047926906,9675.789066562304,1849547298.2840455,34511.35796817211,111733.25640159991,111733.25640159991,Healthy
53,3.1871840206,0.9758975352369276,6.46952,3.333240791039481,6.435648000000001,7.851134606518699e-05,-0.33754721804354615,2.0298545544232764,21699.72620275,513.8959434959631,23847.559999999998,21705.81027542696,4592.959999999999,-0.10997384584768581,0.5400384829927605,1.0989797648680844,3795.65454979829,1410980.2256617814,624.4492710952707,2298.9095559077537,921.4154711827056,9700.979090669585,1865290062.251598,79801.09222218198,118668.29341617231,118668.29341617231,Healthy
54,3.0426357154000003,0.9931837792098933,6.345008,3.20062829075212,6.700544000000001,-0.030128899403712744,-0.3323099747554199,2.085365647910254,21629.796773500002,515.129599768314,23936.06,21635.929846750427,4762.34,-0.11150461138786041,0.5216401523021768,1.1066243594727412,3810.744192424685,1428908.672939304,765.9128061066268,1179.4034846485783,1171.4456387835437,9669.327780663863,1847412027.512252,123435.86320873811,26380.424749380876,26380.424749380876,Healthy
55,3.111190195,1.0121092222187191,6.298615999999999,3.271672950959093,6.643167999999999,-0.019484857187223186,-0.3139379284490085,2.024503680335107,21657.376473,513.6547060459952,23838.41,21663.466718285606,4513.619999999999,-0.10206878223515765,0.4067237378972961,1.1007062665101228,3787.5842572999595,1464064.388190897,1027.004187761963,597.235207438785,1299.338759368893,9780.482255749781,1872627971.818015,203616.44157680572,124760.29011727471,124760.29011727471,Healthy
56,3.0916709620000002,0.9993192102474805,6.418247999999998,3.2491603923585486,6.633399999999998,0.0388685567754878,-0.3265775216505933,2.0759802963792886,21659.115267250003,505.964869136846,23812.47,21665.024075888112,4702.830000000002,-0.11847900853561813,0.6040636959854604,1.099420253605927,3704.099778282254,1387324.694094741,1593.3970332488564,1558.7525820611834,994.3027356718816,9630.422477581113,1838287101.2376242,203663.37992135348,61890.57327062816,61890.57327062816,Healthy
57,3.0961043712,0.9944638994403872,6.391392,3.25189114219599,6.461279999999999,-0.025988274588990157,-0.31312117417513985,2.0643335087320716,21658.9823965,513.9007426941514,23542.38,21665.078024851173,4219.120000000003,-0.10302360856950314,0.44577395471778347,1.086956883246941,3723.6544890118453,1412984.2516088225,440.0786487890411,1801.0730270506613,1214.369687707157,9668.523469115418,1847563949.1359663,52747.54767732304,176520.95078799877,176520.95078799877,Healthy
58,3.1562413256,0.9808076237627051,6.2839680000000016,3.305120096254661,6.428320000000003,0.00552668215862157,-0.31166325549643714,1.990965630235965,21629.2461625,517.4643691942081,23678.19,21635.435106259643,4473.950000000001,-0.11023619335277096,0.4895493349914295,1.0947302472821445,3735.76930724904,1408606.4764053202,1032.3376141990966,1152.7752960340201,457.47071872640845,9702.448411444697,1849253050.9791899,162570.6605578487,91680.35620974895,91680.35620974895,Healthy
59,3.181800943,0.994086024896854,6.341343999999999,3.333472597846771,6.352632,0.010680552031063452,-0.3531307833322299,1.9930046264996657,21632.05430125,515.5340965658885,24209.2,21638.196367825247,4982.070000000003,-0.10479871871122665,0.48701644740846106,1.1191355043242972,3844.534731469664,1462968.084177203,1148.6135281813526,486.7429996371725,1640.5426742621382,9782.594125281543,1875758451.0384786,104182.93227801468,78158.14716581842,78158.14716581842,Healthy
60,3.1678815448,1.0032337455556617,6.318152000000001,3.322939401818421,6.449072000000001,-0.01508611280862549,-0.33785207278804696,1.9944407360720586,21639.7395765,510.9909590953517,23572.899999999998,21645.771738869087,4306.0999999999985,-0.09741586912018788,0.5107730220835269,1.0893338118356721,3769.3302820256927,1455807.8365977672,935.3131468885738,1430.7923058823112,515.0039156260548,9660.032058866416,1849807757.1467834,51460.94289088511,85291.06781152321,85291.06781152321,Healthy
61,3.1430491126,0.9963802128919216,6.1899760000000015,3.2971967538380214,6.110936000000002,0.0068876298282559,-0.3699874632551765,1.9694175236350397,21654.91795375,512.1978598431546,23545.43,21660.97439342482,4185.549999999999,-0.10239307429336483,0.5306219127982428,1.0873017413544444,3712.727399176365,1419390.8424009345,831.0968994131948,1187.439539021114,1736.4885628833633,9738.457264009287,1860681881.791151,199791.06242172097,240813.3251517227,240813.3251517227,Healthy
62,3.1859322506,0.9860158831258818,6.340119999999999,3.33502133748896,6.493015999999997,-0.0061612552137205005,-0.329351845983592,1.9900360400965764,21667.157175,514.5281041132564,23958.949999999997,21673.265388436444,4657.049999999996,-0.10254407130220759,0.4929015559986971,1.1057726588905865,3716.506179961437,1397066.2759069456,1395.785724861323,429.7933276911332,288.83407588453355,9717.099077411363,1856258421.8762395,196430.1129806231,81447.7638732177,81447.7638732177,Healthy
63,3.1540001062,0.981150038424152,6.12528,3.3030815916995406,6.469832,0.009393753905610822,-0.31344123645551125,1.9420671508409855,21665.686660249998,509.9234911080602,23913.18,21671.686457827167,4496.84,-0.09419853192809736,0.5209938249548918,1.1037351538861435,3769.334798730334,1397387.130393712,773.4696761165786,873.122869998046,637.1367537069829,9696.240290570418,1851483696.2674084,113614.98295764261,96975.77005470457,96975.77005470457,Healthy
64,3.1889521224,0.9908028876053647,6.275424000000001,3.3393235031646067,6.3074639999999995,0.010619248096654547,-0.3163882959296469,1.9678639751032476,21671.81220575,513.47423316096,24052.030000000002,21677.894120002067,4751.6600000000035,-0.11646495990037176,0.5707331415463188,1.1098301227258918,3758.2653115717676,1414103.4241044945,1096.4033554025082,1072.9524997118217,524.3497538994783,9748.841272186908,1864417730.8832743,23034.308411790367,334237.7636745405,334237.7636745405,Healthy
65,3.2304937772,0.9938972225770981,6.584264000000002,3.379925596486137,6.6260720000000015,0.00921384168527472,-0.324246808055082,2.038160248588019,21675.1160905,517.0777401822648,23965.06,21681.282716707727,4657.060000000001,-0.10433699728284172,0.4530285415712121,1.105648518787111,3704.0813367295023,1402350.2387323945,1285.364399480678,1471.4328754415703,1385.337411412651,9714.457615633788,1857651870.5769513,172794.28453458167,98171.53942280158,98171.53942280158,Healthy
66,3.1688598846000002,0.9906780323948329,6.1326,3.3201041242742266,5.962008000000001,-0.002164855682048263,-0.343288406342225,1.9352701676092277,21664.59701425,510.08757279002776,23948.269999999997,21670.600974985246,4643.319999999996,-0.09971751274390414,0.505189549476547,1.1054103607026662,3725.917050347754,1400219.063844737,957.8666049559521,1205.0892132016177,225.5619704663555,9681.823942454412,1849256699.655691,180066.6703124715,172617.46897137613,172617.46897137613,Healthy
67,3.1778277638,0.997680533394225,6.374303999999999,3.3307552985667876,6.504007999999999,0.008078894025089196,-0.2665705848440516,2.005868308097887,21676.38468475,510.5863303320001,23800.26,21682.397120349175,4795.909999999996,-0.10966781911342748,0.5342841086011054,1.0979810676982593,3757.961032721988,1440762.6003935325,554.9953078196601,2464.6354280939577,561.5313251747715,9618.315557675318,1848376976.7467828,351142.28637104086,111298.71297005675,111298.71297005675,Healthy
68,3.1622204922,0.9938014644681041,6.380407999999999,3.314702867684341,6.602888,-0.0025501384165877113,-0.293611220817672,2.0176986442716593,21670.37691725,515.6111781426815,23913.18,21676.50995839356,4658.580000000002,-0.11812792231407876,0.5250277986052598,1.1034962654924885,3754.6869402310213,1432150.1314010834,1082.2785098868649,1142.4957364683983,2355.519888763228,9773.232865486467,1874745499.5346649,81443.42273132998,141502.8171821089,141502.8171821089,Healthy
69,3.1759586776,0.960178267335445,6.421911999999999,3.317925975414221,6.610208,0.01952153716199117,-0.2839392069152731,2.022038902865352,21692.72717375,505.2061555430787,23617.149999999998,21698.609151591234,4301.52,-0.10595757853775474,0.5747981274572931,1.0887128119408935,3654.939120635378,1326986.5847108073,819.8687511647767,89.8997148359345,161.27688190282967,9615.839766465237,1832893883.8844507,113806.72791094134,88077.3248444483,88077.3248444483,Healthy
70,3.1987329862,0.9806301980572328,6.309608000000001,3.34566947881229,6.619976000000001,0.03667907942762094,-0.32538982505633296,1.9725335084925697,21698.267955000003,509.7491963532088,23867.4,21704.25465188926,4600.600000000002,-0.11340799535177538,0.5988020372734137,1.0999679812922651,3667.290499664373,1362267.7717079385,781.0491081128338,932.4181819708497,941.250793285434,9535.084318778834,1823239324.4498749,186276.8415559786,44893.1864278939,44893.1864278939,Healthy
71,3.0932383024,0.9736048111458816,6.330359999999999,3.2428391613002683,6.828720000000001,0.006757802881310698,-0.276722766788299,2.046515457631687,21708.3270875,514.0916546287269,23736.17,21714.41338281993,4336.609999999997,-0.0990670362451787,0.5133629396520072,1.093413136089499,3788.9585629455905,1437262.890265311,1660.2378532843716,1071.3015258922157,1214.8876402069461,9706.9802798966,1861398478.4424317,115609.51240981223,187949.5570516167,187949.5570516167,Healthy
72,3.1600118112,0.9994199003541033,6.786904,3.3142857168843896,7.064312000000001,0.01639532936158382,-0.30726801703268114,2.1477464027018005,21687.24616525,510.9758025426099,23777.370000000003,21693.26476064698,4382.390000000003,-0.10510172147284219,0.5690523490986465,1.0963757140405894,3757.513814886077,1465137.1304483654,1872.8185246095325,1289.6679754654574,618.2752278568478,9644.805983450326,1848185248.7359061,62447.89688223632,65729.22689870876,65729.22689870876,Healthy
73,3.1308032264000003,0.9628950958263401,6.409704000000002,3.2755263132554626,6.442968000000001,0.03653943149267305,-0.32885234146751907,2.0473033712087663,21711.457175,512.354587006992,23696.5,21717.501544192542,4339.669999999998,-0.11209988532210098,0.5220746174897313,1.0914283554991284,3748.182985968732,1355947.329623303,1889.7396731399929,1294.4482914721164,449.1832821849967,9610.083935563978,1841072923.5968056,9137.747791700216,107642.81344895568,107642.81344895568,Healthy
74,3.1439391098,0.9703984504769085,6.359656000000001,3.2902891570482353,6.5320800000000006,0.02991045630172498,-0.3028216890473754,2.0228305249857614,21686.396617500002,510.4166927294168,23862.82,21692.402286021766,4605.170000000002,-0.11298302991594596,0.6071402233575829,1.1003589218110914,3703.8791210880327,1354101.2269023221,1939.758630612974,1347.483096179679,1485.794871985699,9574.538476618987,1832420826.2770028,84715.9900315728,175439.19421049033,175439.19421049033,Healthy
75,3.1911727526,1.0090519395274806,6.470743999999999,3.346900640735456,6.834824,0.004331493971871247,-0.2921126981639173,2.0277009430868245,21724.85339525,516.1376288103799,24032.2,21730.983558896456,4684.52,-0.11887883386518416,0.5555741006645545,1.1062076950657116,3701.1869491878406,1473809.7063170695,1643.1379239273786,922.2347469975444,2100.8754078194406,9677.901777272209,1858648694.3616266,162366.9058051074,118928.86236091708,118928.86236091708,Healthy
76,3.1783547466,1.0171830950500393,6.470743999999999,3.337150652510928,6.693224,0.048807735837916234,-0.32878269185847797,2.035878470432536,21687.047465749998,512.8479490818597,23858.239999999998,21693.11029394461,4618.899999999998,-0.10394726361357932,0.573176352148828,1.1001147130645115,3769.3660419607154,1479207.4766718252,2009.9242347380666,2436.919045037459,925.1601536463627,9663.129897042734,1855066170.2054634,112550.84940668057,62233.64289815822,62233.64289815822,Healthy
77,3.1778418561999997,1.009439375194663,6.4328959999999995,3.334309709822072,6.546727999999998,0.03493393858237301,-0.3552656103729177,2.0242970830815126,21710.7525555,512.2900541233585,23954.38,21716.795598445824,4649.43,-0.10464142409354503,0.5264929830609084,1.1033417629704236,3676.0765891367587,1448344.1497099686,2561.9406453885545,563.267532761677,1563.4446086385983,9664.09969717832,1849577222.1371534,41707.886010082104,139914.00043690403,139914.00043690403,Healthy
78,3.1553643472,1.013034258395066,6.700240000000001,3.3139910857307244,6.958120000000001,0.04174895946172373,-0.2925656618775201,2.123444161351967,21679.754659000002,513.5375492985826,23917.75,21685.835844992263,4644.84,-0.09716638838756,0.43652503333633996,1.1032297355851732,3655.142636547064,1438353.0434039242,271.160501728262,1548.1222711482114,1319.27698587684,9766.169879684865,1867423332.0099688,753453.7712794,19338.437326149222,19338.437326149222,Healthy
79,3.1277592624,0.9958439608727742,6.142368000000001,3.2824622473542475,6.25864,0.029978514948427123,-0.3445281838952856,1.9638237743677316,21714.7863,518.5915392575954,23890.289999999997,21720.97775229807,4521.249999999996,-0.12083313212790045,0.5339376437188701,1.1001853607926133,3692.71311850367,1413419.39146304,1642.020109456936,401.419238937254,688.681255728716,9734.077792739838,1866374453.6187122,86723.54027069658,68727.66200627251,68727.66200627251,Healthy
80,3.1233705504000002,0.9837683446075215,6.215608,3.274632736041392,6.254975999999999,0.029096010580577675,-0.35918202396240373,1.9900322103004997,21709.9931105,510.44349962559403,24000.149999999998,21715.992883367166,4618.899999999998,-0.0970429682185476,0.5401728615166674,1.1054886050789379,3682.767126865492,1348553.738785192,336.61122894532747,678.6577037374664,903.5476022296477,9672.058523775904,1851605420.233648,238969.09907471435,116795.00692408044,116795.00692408044,Healthy
81,3.1655378842,0.9903806982289813,6.46952,3.316844811320202,6.723736,0.025746140330261468,-0.26561484722848094,2.0437348206417023,21711.63530175,512.5854352138562,23687.34,21717.685068533305,4405.279999999999,-0.1055607611918405,0.48624542427872575,1.090997507594039,3679.876956051365,1393404.6781041336,882.3370959203811,554.825704762174,895.0651321501595,9713.686091423404,1862944807.3842206,62538.67140338845,67587.99957806345,67587.99957806345,Healthy
82,3.1456471898,0.98932829978358,6.3535520000000005,3.2975509485354713,6.530864000000001,0.009719240962971649,-0.3388306445535618,2.0197916729510785,21724.297531,516.5334414348572,24032.2,21730.437256101482,4661.630000000001,-0.09832732599975358,0.5097340947703066,1.1062359998387374,3740.461649087675,1417767.946014424,298.27955447532133,2861.959693326395,685.1296081065229,9770.551816648926,1874376464.7721171,179775.3482822757,119826.12368493297,119826.12368493297,Healthy
83,3.241733452,0.9843847007739992,6.478064000000001,3.3878938571925143,6.544287999999999,0.027892194776329003,-0.31143264959499595,1.9983333287329141,21725.9534475,512.1362418889506,23664.45,21731.988638320818,4335.080000000002,-0.10381322724069272,0.4463643969703561,1.0892249243368908,3663.890648850016,1411306.911402102,1875.079195348981,256.0436351366453,2065.133485600905,9731.085846553458,1869450063.769659,90465.55746727555,57789.04844560721,57789.04844560721,Healthy
84,3.1155134548,0.9980693805292992,6.260776,3.2714739295656563,6.543064000000001,-0.003949697124569507,-0.36103021622798837,2.0095486958511337,21737.030776,514.4252480188079,23910.12,21743.116926437593,4600.59,-0.09754452878576007,0.5497404465348734,1.09997176000686,3715.7174685657433,1422242.081033967,1860.81709305345,934.220466303484,1237.3821778346708,9644.846330127784,1856245003.6301446,61025.00897731813,75535.16719098165,75535.16719098165,Healthy
85,3.1641440579999998,0.9773242900577027,6.354776000000001,3.311638040101046,6.280616000000002,0.04670133433652249,-0.3135464707790554,2.0083712636069877,21701.750997749998,511.8676937016333,23856.72,21707.786583481633,4495.310000000001,-0.1073184749023671,0.4950045708397268,1.099299314717666,3660.226281830814,1372737.4266688344,728.2882198684543,1321.2977459917804,743.8738446308889,9576.177532520665,1835319905.7607493,53904.314563601554,106620.98852846392,106620.98852846392,Healthy
86,3.1511894209999998,0.9909432201098974,6.485392000000002,3.303322370476798,6.6846720000000035,0.02407141364039501,-0.3249504536769723,2.0580774855298682,21751.214108750002,518.6714017946033,24155.79,21757.397098509373,4695.200000000001,-0.09716374492087601,0.4320973695302519,1.110549042422542,3657.0954780001925,1408191.3945742582,453.61100138789914,1346.2274503278568,1054.6243794309846,9749.28963637826,1874369739.123333,207890.9936853434,117436.23929247783,117436.23929247783,Healthy
87,3.0997294764,1.0021521240306264,6.563512,3.2576995869539798,6.755472000000002,0.0348955420507712,-0.2990852772028241,2.1174467159059343,21728.41874975,511.97115414888617,23908.6,21734.449366715187,4567.029999999999,-0.11141653074115981,0.5345667262640608,1.1003377776983925,3659.5107872973244,1387573.3723643248,1379.218503370284,1133.9013212700281,1542.0564837893603,9770.54380878788,1871587869.082773,85709.2697103817,61624.47954599837,61624.47954599837,Healthy
88,3.2151633612,0.997812030176009,6.473184000000001,3.366434225712076,6.670024000000002,0.003280587197915205,-0.32858690526988976,2.01332973562625,21755.9269495,517.7955402258419,23925.38,21762.087743381897,4603.639999999999,-0.10702053112308535,0.38623829511680174,1.0997177943985448,3682.511940924243,1418282.6317911327,1244.5341282197521,405.2839484421849,765.2588740428321,9785.912364604417,1880502712.9995608,218387.88895617911,121513.89141432577,121513.89141432577,Healthy
89,3.1579215983999998,1.0048100810010097,6.337679999999999,3.3139231855068685,6.832376,0.022706042417313697,-0.3117260804095441,2.006914928860508,21748.580041,519.4042777951547,23983.370000000003,21754.78126433487,4652.480000000003,-0.11987326889241776,0.41393025886983636,1.1027556720846612,3663.0219783324,1398576.5679175805,949.7443021707576,626.794625468449,1092.3218861929552,9774.363968152531,1879664143.5978866,222061.5396462587,113895.0853847063,113895.0853847063,Healthy
90,3.0805633292,0.9985515079322195,6.646528000000001,3.2383561588524588,6.847032,0.009875623373263942,-0.2966756723763573,2.157569018951497,21736.6764775,519.0941593292583,23801.79,21742.873689953747,4344.25,-0.09843008728402958,0.42322768050346715,1.095005946499578,3678.610199294717,1415182.0742893456,661.9331717824552,1019.5495761233174,1788.203063665489,9784.570682261374,1880483710.065633,73916.63918594626,108693.88466685012,108693.88466685012,Healthy
91,3.1482247468,0.999708266254983,6.486608000000001,3.303136492572933,6.839704000000002,0.01946606119641856,-0.30107289066324316,2.060401820611215,21731.61105575,517.9528425713097,23742.28,21737.782488530072,4464.790000000001,-0.13030365059231433,0.44104716360259877,1.0925227742707089,3718.0654518161464,1422450.48982539,2334.92061896854,1556.933603922134,1721.5393081494178,9810.686495245965,1883941749.6566308,104738.30347796693,68981.20236583076,68981.20236583076,Healthy
92,4.9001683484,1.0074067352676022,8.162664,5.002648578624672,6.778672,0.10374099581706915,-0.3750869239542678,1.6657925645891876,22627.54953175,509.5379646560122,24814.980000000003,22633.285670854377,4589.9100000000035,-0.10916381082132508,0.6784967073557806,1.0966711161180178,2749.970269303929,1356787.2026752804,200.34384241810625,109.51585324297453,581.1325066961454,9518.593620162483,1897418379.2374117,85077.08515251566,97185.70805921986,97185.70805921986,Mech_Elec_Damage
93,4.7782324532,0.9978200175666384,7.873352,4.881303644842296,6.057224000000001,0.08865683009742054,-0.420981694797951,1.6477540758250864,22658.243097,512.7650779659858,24769.21,22664.04424842859,4458.690000000002,-0.11318360492128088,0.6290058861072803,1.0931655157005309,2787.05672986123,1341155.166173757,597.0337399408429,146.55210214610935,589.871839484972,9453.14991742546,1880085000.9076648,67151.9246105886,96199.66946534291,96199.66946534291,Mech_Elec_Damage
94,4.7180870668,1.009098530475891,8.082096,4.8247901464331,6.422215999999999,0.09065766536908369,-0.38882519450356234,1.713002724530391,22674.34272325,517.4146198687024,24737.16,22680.24534980402,4419.010000000002,-0.11511175834621015,0.6049088878694469,1.0909758356362327,2815.267554824589,1352553.2314172941,436.3621900657415,371.72598182936474,312.922666446194,9524.727800430805,1901991821.3052917,69448.35413292979,150543.66163146766,150543.66163146766,Mech_Elec_Damage
95,4.6687645402,1.008809185099332,7.999088,4.7765084383229555,6.5076719999999995,0.08390362953881664,-0.4039026836299784,1.7133200723927142,22673.270291,514.1353662387153,25057.6,22679.098620870744,4791.329999999998,-0.11375442830517093,0.6386176546539968,1.1051603795305365,2757.4709666844374,1330682.5035270206,531.0567399170064,530.3002302066324,659.5162640633233,9494.606403257812,1896451517.4677866,201600.93203149454,87878.86600924096,87878.86600924096,Mech_Elec_Damage
96,4.6279353416,1.0050263223734661,7.807431999999999,4.735803858137087,6.202487999999999,0.1020487129138306,-0.39090932903229625,1.68702270531307,22677.813123,518.4264571481448,25048.45,22683.737948451802,4860.000000000004,-0.10736098717007661,0.5960232700767669,1.1045355151372898,2739.361325552855,1324662.8127935051,754.3658519928225,79.05242190800057,900.4079735840347,9565.596666694923,1910949405.266819,28278.24117337778,38943.17792376012,38943.17792376012,Mech_Elec_Damage
97,4.6087233038,1.0074665038686892,7.940487999999999,4.71755168203674,6.281831999999999,0.10368689722500343,-0.39843008501053356,1.7229257381220702,22682.94712275,515.1221139031193,24770.73,22688.795347746753,4600.59,-0.10283433725352054,0.6364397687776218,1.0920419584788452,2830.453822343529,1377358.8786050112,696.4695821354027,417.66901317564026,303.6572013136422,9559.179576285982,1911510115.2246006,205603.7773650909,99780.28931139823,99780.28931139823,Mech_Elec_Damage
98,4.6420254824,1.000055342408635,7.852599999999998,4.748524640808322,6.4954639999999975,0.09464874672470659,-0.41746516131772493,1.691632247555022,22681.319286500002,523.8166224372677,24784.47,22687.36700391877,4679.950000000001,-0.10985715626375622,0.5763403687007771,1.0927261190997741,2812.7138957753073,1358358.9164756213,332.0920348930166,111.39401445807766,493.358214834713,9628.658066020676,1930193603.2681894,156855.25861719527,11240.629361932337,11240.629361932337,Mech_Elec_Damage
99,4.5064061248,1.006756158557936,7.591360000000002,4.617491611847305,6.080408000000002,0.06983794365937102,-0.40933935587732995,1.6845707621030084,22699.63886175,522.3948521390457,24689.86,22705.648944987297,4617.379999999997,-0.12240048113256426,0.6231891676023595,1.087676334869081,2852.2239185844473,1392531.3575224227,459.8285949461445,147.70582224835456,327.7520909740583,9597.270593680236,1924828089.5111017,33601.647391506005,148617.78378261026,148617.78378261026,Mech_Elec_Damage
100,4.5035451066,1.0003815650471415,7.785455999999999,4.613312994344204,6.182951999999999,0.09483318199512834,-0.4161267098623207,1.7287394298749932,22684.77174625,522.2000598639493,25046.92,22690.78128369893,4701.299999999996,-0.11697915992802388,0.6354462746266205,1.1041292493560346,2802.4239430215453,1327772.1639661745,84.51450056085508,436.7234929836076,283.2480153762976,9572.755247730904,1914646114.446198,233527.64903417433,139206.9497740124,139206.9497740124,Mech_Elec_Damage
101,4.490618058,1.0118128711638252,7.761040000000001,4.603193482242118,6.292816000000002,0.08360263152993898,-0.3944746345558561,1.728278802552306,22701.8481135,522.9167979860819,24927.899999999998,22707.86962508791,4876.779999999999,-0.1250676854211923,0.6686830457640687,1.098055976560615,2793.8333785448885,1362440.900389048,600.2171376556483,659.139084494687,547.0784226498802,9595.593435808123,1920491564.042526,160613.12967056615,103137.98284941247,103137.98284941247,Mech_Elec_Damage
102,4.428872971600001,1.0021555720021913,7.636527999999998,4.540837640917069,6.317231999999997,0.06763758511387939,-0.37791770353089893,1.724259884844063,22700.740584,518.5364035486876,24828.72,22706.661937455046,4536.509999999998,-0.10179878261868248,0.6777217913416904,1.0937405283376462,2769.809356747592,1332645.5114185214,880.7035572403909,812.5383324725224,243.1081713254206,9479.382379426746,1894709931.046252,83298.50148814832,92938.74267153395,92938.74267153395,Mech_Elec_Damage
103,4.4883312114,1.0014409379940823,7.581600000000002,4.598692851606754,6.082856000000003,0.080139361792253,-0.3899675316637725,1.6891801524681038,22705.993294249998,527.3408512164298,24944.69,22712.11599344452,4679.950000000001,-0.11910973750054106,0.5305555242680722,1.098594969034758,2759.0495588617036,1345372.2003426317,790.3744386614919,569.3571805293215,489.2383227391851,9613.54407466555,1925724931.9407222,72816.08062879537,87744.44178976543,87744.44178976543,Mech_Elec_Damage
104,4.451861256,1.0052244982996852,7.703672,4.563936861170239,6.361184000000001,0.06864542124627929,-0.4171785752538315,1.7304384743835781,22709.376407249998,519.5020075941911,24819.559999999998,22715.31757196009,4682.989999999998,-0.12438272192165922,0.6440542767437134,1.0929212478100596,2769.7367987855573,1320316.296843407,812.1726158354097,424.1658014416173,334.7688503892643,9510.530150610957,1902492536.39847,121646.13243044181,94706.4632426137,94706.4632426137,Mech_Elec_Damage
105,4.4336455548,0.9989357145326597,7.513239999999999,4.544783880511002,6.145119999999998,0.07122224204104162,-0.39773791741932474,1.694596446002756,22716.73860325,524.926974349116,24836.350000000002,22722.802516592885,4667.740000000002,-0.11931641453376574,0.5886188591642512,1.0933061489930054,2826.6791347079757,1340604.7418980268,608.4818977027242,217.56728073229525,343.3314572589506,9615.272618602796,1922709288.0594745,73428.89147437291,138872.40978420834,138872.40978420834,Mech_Elec_Damage
106,4.3538142598,0.9925617254698441,7.3496640000000015,4.465518195936058,6.015720000000003,0.046590625436167474,-0.4096154742622269,1.688097737163831,22716.1770125,525.4557408264856,24920.27,22722.25329706998,4649.420000000002,-0.10772752020602717,0.6058617080793711,1.097027461367604,2828.6587355210427,1319916.7594821937,462.87515010154493,206.32918983371465,614.916642907613,9564.606374429022,1909600917.8386674,121214.19078506793,58469.17524710277,58469.17524710277,Mech_Elec_Damage
107,4.2954783082,1.0065874269679536,7.626767999999998,4.411839391216604,6.655375999999997,0.052739571085779174,-0.38218967556009176,1.7755340506412567,22714.69374625,524.6557617887484,24810.41,22720.75194118177,4530.41,-0.11491285571278412,0.6560646018252707,1.092262580211806,2897.4192923173327,1296186.7813984514,621.454198144515,196.57025229968292,314.18162205942537,9506.16526977729,1908043208.665917,123918.53115366393,81001.23553755617,81001.23553755617,Mech_Elec_Damage
108,4.3772799774,1.0085824787530022,7.380175999999999,4.491969855868257,6.092616,0.043407986197936635,-0.41227187567857904,1.686018723523289,22712.716964,523.1370577132334,24836.350000000002,22718.74066549721,4594.490000000005,-0.11577494290790716,0.6374027463657179,1.0934997358249121,2755.0367492410314,1328386.7029406957,206.76967942338817,278.2567394649243,629.8055491131038,9496.569613475407,1899216611.4280705,125032.39915561999,31521.6570443692,31521.6570443692,Mech_Elec_Damage
109,4.320989741,0.9974719927032006,7.6511759999999995,4.43462262704451,6.204927999999999,0.07905256419624451,-0.41057525354398416,1.7706998763272466,22709.069855,523.1841698491846,24897.38,22715.095608687378,4852.370000000003,-0.10912377799123218,0.6284141916804664,1.096362825909322,2750.4172903415815,1265921.0465646666,196.4437403372608,278.88218651580496,494.41994417989395,9541.8196251651,1904854195.96868,294531.95635881164,68608.81148965689,68608.81148965689,Mech_Elec_Damage
110,4.343709315,1.0008207474218875,7.476616,4.4575136276441905,6.262304,0.03952423255448525,-0.4078971282920718,1.721251459940293,22729.9985435,523.2273680950435,24772.26,22736.01974449494,4409.860000000001,-0.12405581117396781,0.6404531312197159,1.0898487279966858,2867.647426523703,1304065.133332156,245.55093178466566,421.81486898803894,289.0773621372159,9452.67814552773,1894171348.0755057,148972.43117010346,96341.88590606031,96341.88590606031,Mech_Elec_Damage
111,4.3933869292,1.009007800705882,7.602351999999999,4.507762194163772,6.284279999999998,0.056048946050986356,-0.39990561061697605,1.730408025178043,22709.0982105,521.1304584271238,25078.969999999998,22715.07674870175,5073.629999999997,-0.10971401307471611,0.6578166219453867,1.1043578114609693,2711.50587180921,1285352.3550997365,231.3581739009447,785.3492954659964,478.4452785318995,9526.713091132406,1903342827.9306386,244019.95908768085,7927.412281724191,7927.412281724191,Mech_Elec_Damage
112,4.3051466955999995,1.0087624331091478,7.596248,4.421749006563661,6.2415519999999995,0.058224711111484306,-0.40306919416542053,1.7644574127435921,22708.950945,527.6047242558762,24770.73,22715.078974291613,4513.620000000003,-0.12182835468442678,0.5533085896873331,1.090791470728592,2748.671175212805,1292359.1343693037,436.8535313642254,371.9786217559702,446.35880497837394,9649.132650807343,1930249599.384207,155149.33894068305,36847.53288969107,36847.53288969107,Mech_Elec_Damage
113,4.2976658522,1.026084000162154,7.509575999999998,4.418456046103133,6.2879359999999975,0.056633172840773786,-0.41118557155496394,1.747361534902906,22704.8168515,527.0238792484869,25141.53,22710.93251026039,4910.359999999997,-0.11314317543662328,0.5529875985714376,1.1073214183773086,2820.5035171743666,1322912.619729633,561.4519130933988,632.1929934809815,543.3885928205221,9527.840658938743,1909512507.1733198,67020.02376178764,184891.200407335,184891.200407335,Mech_Elec_Damage
114,4.296568527,0.9958312682320397,7.6524,4.410459866045456,6.485696000000001,0.05718421079731276,-0.3796815035699659,1.7810492144863213,22714.0529325,526.6793808111479,24863.81,22720.15811687507,4602.120000000003,-0.10943744100682651,0.5223397710921174,1.094644362848343,2777.6699651235995,1318808.5785745739,387.5127445521761,677.3391191831039,28.846488387951794,9575.338821121224,1917952349.9237373,113111.79164308793,95689.9754117101,95689.9754117101,Mech_Elec_Damage
115,4.3853748724,0.9749781446307515,7.703672,4.492446036339821,6.433208,0.05692502562868868,-0.40128233841835925,1.7566735396976414,22827.23006425,509.74256583037106,24909.59,22832.920605863837,4687.57,-0.12927924946936253,0.7897410534329641,1.0912226288467304,2817.3867674120743,1299975.8466785469,562.0525225426189,24.967852100817442,476.4039621886398,9329.1331912867,1868562665.8790102,44209.881015902974,80145.67196667536,80145.67196667536,Mech_Elec_Damage
116,4.3870102372,0.9753965882659582,7.527888000000002,4.494133235757019,6.1487760000000025,0.04605913330056499,-0.40617279069623446,1.7159494947530967,22832.92628025,513.7677942615594,25214.77,22838.705595256877,4802.010000000002,-0.10705670135838291,0.701831109895728,1.1043161831521457,2726.0521051697747,1257455.212105444,485.27984415256645,466.1605148206409,234.68347479576826,9331.577269673699,1874125415.768418,67982.45950888806,83474.0299053401,83474.0299053401,Mech_Elec_Damage
117,4.325141696999999,0.971357145343002,7.591360000000002,4.432872862441393,6.4502880000000005,0.06234790819778547,-0.38740906253446683,1.755170242229408,22825.558309250002,514.6719144045783,24920.27,22831.359851885063,4737.920000000002,-0.12748238166232234,0.6716711391078913,1.0917704470738454,2839.564231779733,1268881.5909036165,510.66557930298274,316.5599326663068,331.4361679834493,9371.058062416134,1878856833.0234952,103418.61097930108,118331.49103298574,118331.49103298574,Mech_Elec_Damage
118,4.4145582146,0.9752923364937476,7.402152000000001,4.5210060375802685,5.920504000000001,0.04733882315519732,-0.4022248586079824,1.6767594038106266,22821.670481,514.4225805371102,24987.41,22827.467391696093,4817.27,-0.10954594471485167,0.7345089025287295,1.0948983783112225,2850.1494798019003,1287879.3928264796,567.7559050615217,46.737635044383744,355.5340619516637,9385.626557777861,1880008293.6820326,136828.7439082846,99182.84094740353,99182.84094740353,Mech_Elec_Damage
119,4.3598964544,0.975944965862012,7.363088000000002,4.467789370344879,6.056000000000002,0.051485382020459304,-0.3969479863995278,1.6888217591886123,22824.2438725,517.7845138969285,24934.0,22830.11612873805,4585.329999999998,-0.1043008678102009,0.635959098299232,1.0924348749200827,2789.2922007945167,1321908.130362844,70.65021357005169,300.4176723144598,134.05684343544462,9499.10716222876,1908864389.5730853,161858.20558662064,90951.91364262617,90951.91364262617,Mech_Elec_Damage
120,4.2654143274,0.9831300291079812,7.4802800000000005,4.377245695058334,6.359960000000001,0.015823904237427182,-0.3744401502001353,1.7537053673657148,22828.01063075,518.3588983355068,25083.54,22833.89495000185,4754.709999999999,-0.1046275121493913,0.6351579934611271,1.098805340760256,2783.276044858305,1339297.6367885382,543.2302680494215,271.92317832626986,544.393586038257,9483.397696684575,1901604785.648024,218153.97577852005,39888.58822181844,39888.58822181844,Mech_Elec_Damage
121,4.2395600214,0.9853952877077984,7.369192000000001,4.352568066439981,6.180511999999999,0.04794817635297019,-0.3829359725183976,1.738197351329519,22832.609744999998,514.71625726483,24946.21,22838.410495689954,4487.679999999997,-0.10914223612193553,0.6654396760348407,1.0925693680488209,2802.37960334005,1314996.9342796733,639.36531533325,426.13402815107406,398.47843934493847,9453.098321172107,1895714429.320683,36824.7836944117,107596.8061558099,107596.8061558099,Mech_Elec_Damage
122,4.3270001258,0.9458865156484095,7.300832,4.429177014031636,5.980319999999999,0.021142140665645414,-0.3901467020339675,1.687273350529469,22847.95067375,518.4174497222134,25112.54,22853.83118698861,5012.59,-0.11283147190165664,0.6978971713011646,1.0991156431745883,2830.4070541096908,1281264.2770493624,492.8410537252635,290.535317102206,161.1003696213005,9481.743557293386,1909718836.289503,71440.9072005335,100470.12989813545,100470.12989813545,Mech_Elec_Damage
123,4.24845316,0.97856927585769,7.21172,4.3596935833176325,5.971768000000001,0.024710477503844964,-0.40283810888458405,1.6974931177068688,22834.39918775,520.5255874704733,25181.2,22840.331135494886,4841.689999999999,-0.1074897282408717,0.6397774940536625,1.10277480011425,2768.9009489417817,1311785.2619645528,529.2671924639383,363.51453430665845,708.7748237038128,9486.995473221665,1909909485.7508292,198232.97977500886,12816.949528168367,12816.949528168367,Mech_Elec_Damage
124,4.2427173016,0.9089233591101372,7.281303999999999,4.338982728761456,5.852143999999999,0.0025295485397339662,-0.36640808216241316,1.7161888201351754,22851.775531,520.5001023900409,25136.949999999997,22857.702388971415,4734.869999999999,-0.11734104031092073,0.6246851518570935,1.0999998650389333,2841.003180170064,1090519.056269155,727.2671397000418,479.58064742720796,158.0349089240926,9356.41357733202,1874364123.9488192,175828.4065808952,44821.76960108155,44821.76960108155,Mech_Elec_Damage
125,4.3187272076,0.9034509238629835,7.536432000000002,4.412211221134373,6.032808000000004,0.0034543811451948707,-0.37946814522305017,1.7450585873397042,22848.58691075,521.8229798463475,25168.99,22854.54476100785,4846.260000000002,-0.10956585156114475,0.5939240744706185,1.101555649735095,2934.359814743055,1132401.3682657962,500.7716676826442,40.17811486464688,46.17632948191316,9367.694933150302,1878988488.9881558,63368.9514684333,59683.380215701945,59683.380215701945,Mech_Elec_Damage
126,4.188277714,0.90959995734113,7.44976,4.285909659300112,6.152440000000001,-0.002300449125036974,-0.36904360004329995,1.7787168160072016,22847.49033425,520.6198712437496,25205.62,22853.421031606074,4754.7199999999975,-0.12256429061733304,0.7063953815017561,1.1032117589832175,2789.4157250947123,1047849.9657074829,150.55222045893763,208.1798913748331,242.38034406163885,9291.431664908247,1868747362.6561465,176174.73132644704,59940.522214985845,59940.522214985845,Mech_Elec_Damage
127,4.2117394562,0.9059020594792359,7.378959999999999,4.30806073214121,6.314792000000001,0.00385293389442609,-0.3639393111885134,1.7519982127901126,22842.5245455,520.6160545937395,25117.11,22848.45644484642,4704.350000000002,-0.1164113058068303,0.702684902481431,1.0995767980885502,2849.5734803569485,1104612.1258507667,86.24258699915686,390.0195922995506,265.3923382462996,9292.244435014632,1864965118.227228,236441.7016075688,129499.62858480836,129499.62858480836,Mech_Elec_Damage
128,4.2216189848,0.8973130990913446,7.281303999999999,4.315926032887351,5.881439999999998,-0.004710144109560284,-0.3887872964180361,1.7247657891951973,22840.58133275,518.842618424487,25040.82,22846.473394174423,4702.829999999998,-0.11824627038481224,0.6408589220122161,1.096330239375089,2905.644740183941,1069226.1444088137,351.97422597969376,282.93680997655804,56.18061606970659,9304.920504670488,1866242044.585525,137283.08723628867,50819.25789176869,50819.25789176869,Mech_Elec_Damage
129,4.1717707458,0.904367594876882,7.502248000000002,4.26866858108678,6.149992000000001,0.010329311618738821,-0.3898610017047197,1.798336595450029,22838.53027475,519.0211571490395,25013.350000000002,22844.426920753926,4672.310000000001,-0.11931950619106836,0.659064757578856,1.095225905480199,2855.8471867345106,1066674.5181739253,408.65592950438844,324.43483270081094,587.2226773311945,9179.329924039394,1841795886.5362875,216682.5021171406,57601.97822453281,57601.97822453281,Mech_Elec_Damage
130,4.1546083596,0.8959519056614867,7.133592,4.250115336161033,5.752040000000001,0.010023325328715705,-0.3587365643313114,1.7170311573451926,22836.06230075,523.0500277204958,25126.27,22842.051481767143,4872.210000000003,-0.11509825245070664,0.5714370310574783,1.1002890808882924,2807.982421147343,1036205.6849288514,511.1180420042193,141.07190428286975,189.28775616711215,9290.776584304273,1863592463.654986,108602.99718717548,24057.28656141414,24057.28656141414,Mech_Elec_Damage
131,4.2173876142,0.8980973544001976,7.288623999999999,4.311950484631839,5.942471999999999,0.005254581862449072,-0.39857593184461404,1.7282319451641353,22835.36488475,524.2819995939544,25091.17,22841.382492375134,4654.0,-0.11001932833565244,0.6325577729162357,1.0987855953533057,2959.8072484108616,1083493.9051180915,429.23111008518714,155.38941295903894,17.69808237322813,9279.915225224524,1861604330.7664719,88613.95880475742,72040.54629048612,72040.54629048612,Mech_Elec_Damage
132,4.11074101,0.9012707726501438,7.098192,4.208379777266314,5.938808000000001,0.012556467810049807,-0.3675743102154696,1.72674269255411,22831.855962999998,523.8293726594267,25211.72,22837.86410912608,4985.119999999999,-0.11774222224692485,0.63835975282525,1.1042343662668805,2795.3955183205653,1035556.9639087832,69.80261280584627,275.47315056976106,518.5129368582717,9302.1369199214,1863004163.6806917,103454.06199107369,83609.10710856835,83609.10710856835,Mech_Elec_Damage
133,4.1276032443999995,0.9013837901115553,7.21416,4.22487644410329,5.869232,-0.016549190150484307,-0.40052605486274784,1.7477842643397454,22830.62659875,525.1851773393661,24950.79,22836.666207364007,4565.5,-0.10827407077576831,0.5895730149985536,1.092864880080255,2981.189660348239,1063949.3243278195,393.57083500515876,85.84097298064206,325.3676718292992,9313.709211710624,1862638509.1157045,158845.57217933235,135775.7834713248,135775.7834713248,Mech_Elec_Damage
134,4.1750339686,0.9023814794102379,7.310600000000001,4.271437769187105,5.94248,0.019459612564419443,-0.3770133837135945,1.7510276694710194,22829.71194825,525.0927222583216,25114.06,22835.74967269475,4696.730000000003,-0.10232938021661331,0.5972889092663243,1.1000603098684782,2934.1183474537747,1085596.6925005275,884.9447788751972,275.6052916636321,175.88654484024616,9299.552253851114,1866640147.3020916,59990.528163578085,132056.5827860493,132056.5827860493,Mech_Elec_Damage
135,4.1095241124,0.8914078318922886,7.233688000000001,4.205089355525975,6.053552,0.02912717606017026,-0.3580917047085026,1.7602252236878737,22828.084378749998,524.2346809491315,25098.8,22834.10281866773,4745.549999999999,-0.10486239518022124,0.5756173150960393,1.099470265817124,2841.0281781300114,1012855.6488878764,96.07600503726536,229.46449597860297,225.91044212627338,9364.93479121674,1876397431.1215458,12163.052312869295,72168.26560473867,72168.26560473867,Mech_Elec_Damage
136,4.1277298228,0.8921092326833919,7.314256,4.2230311953144986,6.032800000000002,0.06784296509575116,-0.34779007923524397,1.7719803170253172,22825.815564250002,523.6403548016684,24901.96,22831.82096415776,4596.02,-0.12719104064427192,0.6168364306825875,1.0909559805171507,3005.2177585279596,1060932.6693643243,247.13182866546902,355.81052824527296,234.31203465431977,9311.062774916332,1866916468.9925575,232228.66741342505,39134.75070520203,39134.75070520203,Mech_Elec_Damage
137,4.1660900234,0.8884971782507098,7.077439999999998,4.259778583817661,5.708095999999997,0.016658822169740257,-0.3672981140445897,1.6988207072453054,22824.137855,525.5155158519666,25104.91,22830.186781480377,4737.93,-0.12046648125264768,0.6676439978731512,1.0999280743697557,2894.918077421503,1026194.1620816896,139.88043676492262,397.1034619417399,222.2155032340363,9284.440715192797,1857561706.019569,43431.2974269734,29099.628247839824,29099.628247839824,Mech_Elec_Damage
138,3.2476842178,0.993307633577299,6.661176,3.396187298570083,6.640728000000002,0.011600913383709305,-0.2889080241013233,2.0510540906320998,21689.25505975,510.149140259432,23904.02,21695.25364419358,4617.380000000001,-0.12248235272556235,0.6417940836558573,1.1021134628251972,3677.670942919229,1425389.039335628,1408.9896512108444,436.32276162867566,381.4864928153188,9541.908276317215,1824633817.1065989,102584.18109901613,61255.53615743123,61255.53615743123,Mech_Damage
139,3.2433744196,0.9751517753585903,6.533000000000001,3.386794182951782,6.606552000000001,0.014186756956981763,-0.292782909581184,2.014260197811422,21714.09743225,512.6760182635321,24085.6,21720.148651103453,4724.189999999999,-0.10607203783329335,0.5624703627644063,1.109214881030598,3717.5535078277785,1413292.0574095894,1015.7295334674329,457.6476645380263,291.97666400991744,9695.833745223104,1854485217.298141,32701.052869585386,91833.64727040337,91833.64727040337,Mech_Damage
140,3.2255070348,1.001281581881892,6.46464,3.3773414653600016,6.450295999999999,0.04789335498938714,-0.3179420160537689,2.004224430532313,21720.252989750003,517.0231444228983,23701.08,21726.40550546246,4324.41,-0.11913382639697319,0.49847020246248475,1.091197234727642,3677.5163419868472,1443022.2417806934,2390.1806793615197,1766.536569555124,2757.5280240498196,9761.985349342098,1873680065.3574653,26048.856089817902,131530.6308018979,131530.6308018979,Mech_Damage
141,3.1566503966,0.988686310074221,6.316928000000001,3.307856996390203,6.284272000000001,0.05329560850263517,-0.32553268322972384,2.001149068266764,21765.561416999997,514.4354835483412,23997.1,21771.639833688136,4585.34,-0.10018392725477553,0.5579381295126034,1.1025261209783017,3674.1528876598027,1419509.9724305377,138.4482501972479,1865.1197723258995,514.5252054715639,9744.230813759556,1867824161.635164,157119.76748061326,188633.55685866077,188633.55685866077,Mech_Damage
142,3.1793797478,0.977374876333757,6.440224000000001,3.3262130641418626,6.3587440000000015,0.05826567347859066,-0.34530203491503864,2.0256227663450304,21737.5618175,521.390106690852,24140.54,21743.813709117312,4751.66,-0.10905137111564644,0.48052515853203515,1.1105449729217314,3685.714707641781,1377721.2787255852,1306.0319781743108,2208.2916009706273,578.1000673332543,9716.946030560845,1863824916.195181,168747.36339790848,100733.82406523702,100733.82406523702,Mech_Damage
143,3.2325841563999997,0.9955319284482895,6.751504,3.3824043773139763,6.783543999999998,0.07184010522929658,-0.3439736590932636,2.0885779529151933,21751.667939500003,516.2155461535544,23926.91,21757.79239671159,4551.77,-0.12423814825649598,0.5469775832900385,1.1000034602656776,3705.164032323048,1428354.1480262252,693.208318886963,1435.5706981595033,648.7658824232376,9722.259091148071,1868882405.4971526,207978.8115936567,59884.32204241879,59884.32204241879,Mech_Damage
144,3.230607661,0.985811473965925,6.546423999999999,3.3776657362605036,6.825056000000001,0.03272025145675864,-0.3096927154660709,2.0263754336463204,21754.842329249997,514.9069277952386,23995.570000000003,21760.934889994744,4571.600000000006,-0.12225021938082524,0.5879745406613188,1.1029990305991455,3710.0903120370203,1437721.3319455157,1997.3888635472717,2063.8510913447562,1352.7103060270526,9627.564311670963,1851206753.0308402,124624.03710274953,180735.35948278793,180735.35948278793,Mech_Damage
145,3.137372856,0.9725761456090423,6.496376000000001,3.2846596701887334,6.591896000000001,0.04656539622066152,-0.27780815694611816,2.070641998312744,21762.37301125,521.4474987683809,24030.670000000002,21768.61915182189,4614.330000000002,-0.11922140631604157,0.4511125753490912,1.104230222851957,3711.72396375364,1418198.486602961,1134.828958978022,1735.6701750807715,942.2527230267506,9838.44751492179,1890825702.587002,36513.34465497305,136842.06005474777,136842.06005474777,Mech_Damage
146,3.1431148874,0.9916017073678313,6.440224000000001,3.295818647863026,6.524760000000001,0.03793432188300273,-0.3260538013352341,2.048994144572102,21745.8809435,517.9918583145558,24015.41,21752.04925670838,4615.8499999999985,-0.09982878434295189,0.43222162598292124,1.1043659285359224,3625.923819713546,1384316.2412339284,980.091457980963,903.2043156920583,1703.6182015601003,9787.852549743657,1877243889.7516897,171221.5178941099,64727.62536780594,64727.62536780594,Mech_Damage
147,3.1030766898,0.9892028401371512,6.4023840000000005,3.2569284208682063,6.605327999999999,0.05540743026729153,-0.30839028148645387,2.0632374381996494,21745.0936935,519.0721783717436,23826.2,21751.28798323343,4464.790000000001,-0.11112177450394975,0.46577850892055395,1.095704637369398,3697.931260779395,1427411.7194906846,415.7740409700205,1183.9731097842548,2185.755361606549,9759.771565480009,1876966222.532868,69076.88792214061,72243.08040428215,72243.08040428215,Mech_Damage
148,3.1595348818,0.9932806676163338,6.254671999999999,3.311984675207476,6.340423999999999,0.03366367664102655,-0.3430889755015132,1.9796179608679256,21751.32899075,513.6548734822825,23974.21,21757.392941178874,4522.77,-0.11895357115192526,0.5425212705526188,1.1021951812781328,3727.1072908446504,1443077.0749020982,1233.6714684505087,410.81489658453194,1389.8830654171343,9784.220169261023,1881061369.1791444,118727.96156866247,118818.95188833289,118818.95188833289,Mech_Damage
149,3.1806839501999997,0.988008027185123,6.285191999999999,3.3305984220325295,6.489359999999998,0.029227080024701736,-0.32749783007299005,1.976050465373898,21746.18363,517.4848160268796,23673.609999999997,21752.339789313126,4290.8399999999965,-0.11664661164912446,0.43680951126804546,1.088632856357426,3757.8310434402474,1457092.728128234,1318.7413137493104,878.9029528215149,789.0781235807627,9760.614571151778,1875180250.965057,80639.5453846407,27400.76165245057,27400.76165245057,Mech_Damage
150,3.1313016738,0.9727344823513556,6.2815280000000016,3.2789081856905824,6.486912,-0.010788546046548166,-0.2951163336939131,2.006043701428817,21782.1579145,518.373163111508,24061.19,21788.32502581786,4609.75,-0.11855592909880192,0.47324320951327836,1.1046283887228128,3641.647047108243,1382109.514844509,813.9562348286145,1789.9672734277292,457.515122952032,9774.747032647578,1878029009.3639612,189111.4019017701,52951.06622225264,52951.06622225264,Mech_Damage
151,3.1091405979999998,0.9539188758129699,6.147248000000001,3.25218291778515,6.2085919999999994,0.044309355547656776,-0.3625049685691142,1.9771534307436298,21752.60688725,518.7457177995743,23882.659999999996,21758.791252814193,4631.119999999995,-0.11829654531311773,0.4785262853782797,1.0979217398535575,3676.562327237108,1308675.8123503958,1368.6979639843926,781.5301823085928,700.0961952412491,9728.323011996239,1864776867.7343411,19163.145026515136,199565.53781516134,199565.53781516134,Mech_Damage
152,3.210142856,0.9749647933878227,6.364536000000001,3.354929170692713,6.374608000000002,0.05362774099499041,-0.33260379367835124,1.9826332613529025,21777.485264,520.5060637156369,24106.969999999998,21783.704556684977,4776.079999999998,-0.1076795492716261,0.4722478811763975,1.1069675725989734,3730.7616508237384,1437306.4115934763,2193.8157078474674,253.70696286837014,1127.9525531111478,9758.961204202576,1887846465.6285112,157289.0899651089,115361.89080500569,115361.89080500569,Mech_Damage
153,3.0990924124,0.9907956896642277,6.535440000000001,3.253617269647737,6.784776000000001,0.0390239664162475,-0.33721750328353783,2.108823852380324,21752.873023,512.2629706936319,23748.38,21758.903730325463,4371.709999999999,-0.12434775611877304,0.5609787653886844,1.0917353296224408,3690.517116148804,1413248.7147840192,1716.6960140628387,815.8032701871452,1557.3271852973958,9709.354247882005,1867032444.8606098,22345.055903508735,98339.12962036226,98339.12962036226,Mech_Damage
154,3.1512364992,0.985688186020157,6.357216000000001,3.301794721726349,6.4991280000000025,0.04075756656401099,-0.33649044865237654,2.017371911506451,21772.531797749998,518.1758957225458,23913.18,21778.6969405951,4615.860000000001,-0.12236269221156948,0.4944405477922511,1.0983187542052972,3698.2730026922263,1446290.127329069,1918.3104499325,1392.8684536410128,1061.3165486130354,9765.007360416474,1885658033.4557352,270012.4280547224,51808.65330668809,51808.65330668809,Mech_Damage
155,3.1849209536,1.0027156760232554,6.835736,3.3390320560987314,7.183943999999999,0.05080002481178386,-0.34629123499737835,2.146281210613214,21720.91715225,519.2224199807438,24102.39,21727.121924371873,4744.029999999999,-0.11403754439053962,0.4754687791475516,1.1096396082659572,3702.4124170131886,1432878.9196666293,685.4911158486317,1196.0618945458064,808.5898967190409,9761.092216273051,1877755850.7578478,180509.2472129346,78226.21279876096,78226.21279876096,Mech_Damage
156,3.128919417,0.9911895706897464,6.2974,3.282159185917804,6.473488,0.051440785496264005,-0.3268531587049437,2.0126437152024614,21771.77385925,522.5825228515058,24015.41,21778.04450918859,4623.48,-0.11707823415816433,0.49172975656052786,1.1030525190668727,3618.965083117373,1405401.373035283,1301.1578699862757,721.3227352133545,48.08259832089699,9782.306010360206,1878675610.0707135,87949.96132379642,105697.0706240061,105697.0706240061,Mech_Damage
157,3.17400212,0.9782092821664136,6.323032000000001,3.3213188547843506,6.464944000000003,0.031037274156641523,-0.34921939813816216,1.9921322547824893,21809.60709325,519.1407343235089,24053.559999999998,21815.784696551647,4640.269999999997,-0.1148448454430699,0.49583931646315804,1.1028882774987954,3594.262750380933,1374073.9794292625,1120.9538551744931,574.92874981007,2189.9897831925477,9744.754463075167,1871815485.5547347,346503.01797681017,38883.52316401941,38883.52316401941,Mech_Damage
158,3.1036690982,0.9695027536585855,6.2974,3.25156484820516,6.356296,0.0008898074599934324,-0.3377265947165462,2.0290178497611846,21782.17197125,517.562131400306,23838.41,21788.319798649107,4391.549999999999,-0.11127042621887182,0.40739808216852813,1.0944000456641332,3631.2060410142753,1370646.837192912,305.8385750715476,2059.003070974936,281.39338317481025,9807.43327535417,1879604683.8682222,173711.25363851903,132065.45872793597,132065.45872793597,Mech_Damage
159,3.1613310846,0.9797350460483494,6.419471999999999,3.3096632743973458,6.68956,0.00712744743687639,-0.32038134829063036,2.030623123048261,21760.276146,519.9610964239369,23923.86,21766.487331055105,4507.52,-0.11418692113588318,0.42721986675013657,1.0994281432590052,3643.5572409340416,1390015.9368280135,908.9771244309113,1302.7813425887732,283.3208631095102,9792.327282408849,1878864902.1035867,66700.99269019604,93427.72346091394,93427.72346091394,Mech_Damage
160,3.189295777,0.9861808593732228,6.506143999999999,3.338283380237058,6.5076719999999995,0.04967169984786046,-0.3496792291762194,2.0399939218305994,21748.98852625,520.2466344271525,23958.949999999997,21755.209760174064,4649.419999999998,-0.1156988963820982,0.39227976097802575,1.1016121495067541,3617.5048260325993,1396912.1139765102,2529.12621742474,1237.3982874434093,832.4174016729413,9790.701508454056,1877905706.0272732,209091.27864482734,72625.66235973511,72625.66235973511,Mech_Damage
161,3.2340258832,0.9777690128389741,6.243687999999999,3.3785990817008127,6.2208000000000006,0.03180692420099698,-0.3259815173951206,1.9306240041041358,21772.03127,512.5968577368051,23760.59,21778.06452813314,4541.09,-0.10883709039780375,0.5198205797591484,1.0913354709691265,3663.52646810868,1413596.995034269,1100.922617265685,782.6298397870056,932.7926425923812,9794.663141694115,1880048994.7814941,94469.90931986875,92074.83140603968,92074.83140603968,Mech_Damage
162,3.1476832238,0.9759420938328519,6.341343999999999,3.2955043371739867,6.457615999999998,0.05468972738332378,-0.3235731716556045,2.0146067914497743,21778.55031875,513.2070956829408,23916.23,21784.5961386675,4692.1500000000015,-0.11006173125993653,0.5401313983163254,1.0981552789310127,3692.6580755031005,1414397.4976393026,538.0400474837224,717.5057047169582,478.251005086351,9734.771771477966,1869474829.0864587,219664.98996509815,143281.5334939018,143281.5334939018,Mech_Damage
163,3.1449277642,0.9942839099666736,6.280311999999999,3.298355108329343,6.156103999999999,0.025600653086985857,-0.3565116753951134,1.9969654220651305,21787.96164325,511.4348688732652,23943.690000000002,21793.963192904866,4567.02,-0.11793515306168305,0.6117750735330678,1.0989412590331897,3625.8550220833813,1408548.1625068649,1266.2337666786866,2411.297089150086,2151.225260463327,9625.28609108824,1849526162.788775,260968.156950785,22180.84970882342,22180.84970882342,Mech_Damage
164,3.1763092358000002,0.9904484153564939,6.393832,3.327146510180906,6.353856,0.011632541644247579,-0.34682513599361364,2.012975288405639,21797.597093,516.4256324358405,24079.5,21803.71362394977,4756.240000000002,-0.10673031913252236,0.5410737850320277,1.1046859842974528,3715.5850608671467,1436689.6255901305,1719.106277909133,965.8092356600462,1580.5362728846073,9725.447558650154,1875888237.9017386,133740.64223311972,159136.2382541453,159136.2382541453,Mech_Damage
165,3.1255448182,0.9758438795885183,6.251007999999999,3.2743362504674605,6.2232400000000005,0.024991264355816178,-0.3528177249926503,1.9999738809056502,21809.675416,523.0438138448632,23975.74,21815.94622616918,4649.43,-0.11565024017209502,0.4579568751235592,1.0993166813666075,3629.145973953094,1392471.913242191,1172.9793970686826,1501.4175515350016,618.7021988644515,9728.305523299658,1874224539.2031643,184322.2482584878,95423.02824181,95423.02824181,Mech_Damage
166,3.1539298184,0.9892915632968867,6.723432,3.305441971833438,6.881207999999998,0.05338727050905488,-0.28019136736195005,2.1317633514783854,21830.485082,518.9319047056294,23826.2,21836.65181535136,4339.670000000002,-0.12893229677043327,0.5332965603969511,1.0914187160983215,3704.8582805265423,1427884.9946875202,3837.0468531642086,160.3130077498427,426.03602955221083,9668.247816032977,1872787430.5895898,183321.60145943306,49049.86165222438,49049.86165222438,Mech_Damage
167,3.1628343384,0.9658770157917335,6.4841679999999995,3.3070252703656005,6.576023999999999,0.03032187601777801,-0.29235670181668816,2.050113065131378,21775.3755485,525.0036803548767,23833.829999999998,21781.703382698888,4472.419999999998,-0.11329397322200657,0.43472425873056597,1.094531295082155,3708.2413206481697,1426877.4217544089,1791.150699306009,466.42538269422346,1217.8939313013436,9805.787438889263,1890061982.539222,85388.50545003623,119859.05029421704,119859.05029421704,Mech_Damage
168,3.2037313442,0.9662995549276737,6.753952000000001,3.3462824166965066,6.784776,0.024556104849853738,-0.3587135656963305,2.1081518000026067,21817.5635855,516.2582093901077,24242.77,21823.670559349885,4751.66,-0.09775472761191356,0.4733036822518373,1.1111584437462942,3692.1278835914113,1398673.4691131085,1765.1078235251418,595.7162857689248,521.1737448168348,9734.943362049054,1873559889.9911494,143382.18266848254,50331.268662569084,50331.268662569084,Mech_Damage
169,3.1190349162,0.9817261990541704,6.393832,3.2698839495807546,6.550391999999999,0.027002967356657016,-0.31750867528220184,2.049939218952306,21820.983594999998,519.8135159255554,24187.84,21827.17398999343,4739.450000000001,-0.11227067101817281,0.5117027496604218,1.1084669897988622,3674.0046523174974,1419387.3179781397,2187.4560283041615,1483.3654890467037,1389.6718840554283,9765.354657401587,1880628758.061999,98017.0515295369,41917.41746335084,41917.41746335084,Mech_Damage
170,3.1699793967999996,0.9915421459681228,6.29496,3.321430508752499,6.3697279999999985,0.03349131622503857,-0.3502807758335442,1.98580470471025,21781.969680000002,518.0784617030813,24110.02,21788.129835366497,4711.990000000002,-0.11021921203839584,0.486712094698623,1.1068796970247181,3630.4560871261574,1409918.833652584,1326.41039187744,1468.6375317013194,1184.811812110139,9757.308878167127,1875176063.8786297,95961.68567366818,62936.317468147136,62936.317468147136,Mech_Damage
171,3.0866873834,0.9894309622735521,6.4744,3.241386764581724,6.351416000000001,0.024870315322449706,-0.3624318662804433,2.097523719058462,21788.9200285,520.0654639106137,23844.51,21795.12554066663,4589.91,-0.10331016665999695,0.44647453933760195,1.094341067331987,3654.9228317809457,1426790.768703205,1068.7348371164044,984.6849564475299,1703.853116005718,9748.939504895927,1876888774.006894,158438.8016740955,73969.51222637683,73969.51222637683,Mech_Damage
172,3.1539125844,0.9879441995162369,6.399936,3.3050225310201644,6.383151999999999,0.009232671473180994,-0.34203026866675046,2.02920525814685,21773.55399125,521.7309247361543,23929.960000000003,21779.803712674406,4701.300000000003,-0.1071880034589054,0.40383371268542323,1.0990378515889772,3595.2251189353856,1411637.6628222854,953.004522834387,748.0419345356559,2125.9771586620445,9839.695847962477,1891380286.6142046,61135.43513082655,213750.1978539067,213750.1978539067,Mech_Damage
173,3.1756189198,0.9662633966113866,6.238800000000001,3.3193669778737784,6.202480000000001,0.006276669572163202,-0.3559945451555291,1.9645934092094777,21823.17195625,520.049055299301,23946.75,21829.367340596444,4553.299999999999,-0.1194157691766228,0.5047797931018199,1.097308404479754,3678.973548105033,1391319.1943624394,1724.1567566775893,1154.8956976702689,1335.8865655548677,9768.02269463055,1881396491.6783361,186847.47314113195,83207.56712282186,83207.56712282186,Mech_Damage
174,3.1045364762000003,0.9826722325525341,6.393832,3.2563426274838116,6.5174319999999994,0.023636843733539435,-0.3437368024253118,2.0595126032553974,21833.164686,522.2521856261724,24123.75,21839.409807334658,4695.200000000001,-0.12320753988911154,0.5032579697329944,1.104913114838949,3667.2932624882187,1410593.4469445355,2156.095590621775,1610.8252566747537,690.3836452720218,9782.979790203632,1892292034.4238334,83637.7010885292,127279.40179045594,127279.40179045594,Mech_Damage
175,3.149745656,0.9819961799005196,6.178992000000001,3.2992711448011747,6.193944000000002,0.017188531893253513,-0.3576135909299789,1.961743161143676,21816.31780275,518.6995314280961,23966.579999999998,21822.483015190093,4460.209999999999,-0.10538411666964097,0.44472651177831546,1.0985621045994731,3672.2617532859613,1391505.5786083743,180.65449193334976,859.1146476488087,780.7511621747028,9808.87564018981,1893336042.4951532,178650.82437498803,78181.81459662215,78181.81459662215,Mech_Damage
176,3.1605417592,0.9813233118476512,6.230256000000001,3.3093799387704963,6.242768000000002,0.015088211594064338,-0.3641164486238222,1.9712620413460415,21813.757649,516.520605120247,23948.269999999997,21819.871897767443,4469.369999999999,-0.10858796756338274,0.4521578584749215,1.0978516579007582,3561.485925251654,1366844.7761647608,454.68747942999204,214.5361594261297,786.1825084302349,9763.55053641433,1872210355.3471518,122266.3683201211,117436.89034881457,117436.89034881457,Mech_Damage
177,3.1259514026,0.9696551139240732,6.535440000000001,3.272885532003833,6.5955600000000025,0.020590775340480615,-0.3092223918894432,2.090704287521607,21857.6047345,522.198501605172,23952.85,21863.841592625795,4422.059999999998,-0.11670999332178647,0.47370517031650694,1.0958588688445292,3556.903910178466,1333465.4847075942,213.77596144795743,1449.9341405393252,920.0942151557217,9699.058141244674,1865256609.1821105,45887.207233614405,308415.51086250175,308415.51086250175,Mech_Damage
178,3.1573708644,0.9809006285355251,6.409704000000002,3.306226363132493,6.392920000000001,0.04777417695325566,-0.35267855003784465,2.0300763753383304,21835.7484475,520.0789270492746,24143.59,21841.9409758109,4725.720000000001,-0.12146607738905292,0.4748991312230708,1.1056909754226552,3598.2632658586444,1382640.4149988054,108.91934814899052,2108.2468738461625,975.8648514316936,9718.424253043004,1870657835.9816966,265715.4570953644,9793.42834977736,9793.42834977736,Mech_Damage
179,3.1672226387999998,0.9891284689110926,6.274208000000002,3.3180792504639554,6.325784000000002,-0.0029414803702284887,-0.3400159452797995,1.980981040971966,21838.230471000003,518.4021728664471,24097.81,21844.3824403169,4640.27,-0.11721529341400463,0.4381518852871351,1.103468984449111,3582.2353853737395,1403404.5322486125,984.8084059350025,113.06128395904184,1408.0688257852216,9780.32351465741,1883082836.9039626,173275.72526127135,65652.28478942714,65652.28478942714,Mech_Damage
180,3.133567484,0.9757263719654262,6.219272,3.2819602874931433,6.275728000000001,0.011584200333132788,-0.3606359476616805,1.98472572611109,21855.43319175,527.7852907527141,24062.71,21861.80482824439,4716.559999999998,-0.11187105722725603,0.3088966178106838,1.100994420420969,3565.402118583371,1356211.3642125165,1479.2052332275694,458.46110398350726,715.9187905225909,9774.512210929946,1879133937.303026,71700.81098910773,57062.337163907454,57062.337163907454,Mech_Damage
181,3.1613348483999997,0.9753677241661524,6.359656000000001,3.308376707314083,6.403904000000001,0.028758266621820995,-0.345494896177323,2.0116995841863194,21827.62317825,519.4934166572885,23954.38,21833.804072465056,4524.299999999999,-0.11389571770837202,0.46831982248880166,1.0974341917295507,3649.1912837879213,1398585.2885849208,967.2610589438113,269.85105901573394,1192.3919570008125,9804.888501838008,1891484706.3450575,165494.41928321664,112783.12885800307,112783.12885800307,Mech_Damage
182,3.1694038946000003,0.9647895147546244,6.1289359999999995,3.3129920893983282,6.112151999999998,0.014162616712323774,-0.348345767009155,1.933781936231738,21851.96310075,518.0013014467579,24338.899999999998,21858.1017015821,4863.049999999999,-0.11102251389936295,0.4755093045286123,1.113808397340953,3573.578715771069,1328307.175828498,1457.3094625171743,432.2441071312454,899.1701463071532,9689.577843459627,1864636911.8647044,72587.22874094447,318934.69095408794,318934.69095408794,Mech_Damage
183,3.1273631932,0.9866055583364188,6.376743999999999,3.27929363356794,6.407567999999998,0.022321316898807776,-0.3124467154201218,2.03901613150187,21840.15130525,516.9923379904573,23823.15,21846.269325258425,4582.290000000001,-0.12631524890801155,0.5087515459947234,1.0907960145071578,3632.451701292247,1424992.049101827,803.963273122807,2229.1475984337485,1205.3079972182159,9767.212717318233,1884421854.1849396,100439.59545299482,42759.44493549024,42759.44493549024,Mech_Damage
